SQL> SPOOL
currently spooling to PRACT7_2.lst
SQL> SELECT *
  2  FROM PROFESOR;

       DNI P                                                                    
---------- ------------------------------------------------------------         
       CAR CAT                                                                  
---------- -----                                                                
      1111 JUAN                                                                 
         6 CU                                                                   
                                                                                
      2222 CARLOS                                                               
         7 TU                                                                   
                                                                                
      3333 PEDRO                                                                
         4 TEU                                                                  
                                                                                

       DNI P                                                                    
---------- ------------------------------------------------------------         
       CAR CAT                                                                  
---------- -----                                                                
      4444 MARIA                                                                
         7 TU                                                                   
                                                                                
      5555 IVAN                                                                 
         1 CEU                                                                  
                                                                                
      6666 CARMEN                                                               
         3 CD                                                                   
                                                                                

       DNI P                                                                    
---------- ------------------------------------------------------------         
       CAR CAT                                                                  
---------- -----                                                                
      7777 MARIO                                                                
         2 TU                                                                   
                                                                                
      8888 FRANCISCO                                                            
         5 TU                                                                   
                                                                                
      9999 ANGELA                                                               
         8 TEU                                                                  
                                                                                

       DNI P                                                                    
---------- ------------------------------------------------------------         
       CAR CAT                                                                  
---------- -----                                                                
      1010 DAVID                                                                
         4 TU                                                                   
                                                                                
      2020 SOLEDAD                                                              
         7 CU                                                                   
                                                                                
      3030 JOSE MANUEL                                                          
         6 TEU                                                                  
                                                                                

       DNI P                                                                    
---------- ------------------------------------------------------------         
       CAR CAT                                                                  
---------- -----                                                                
      4040 CARMELO                                                              
         7 TU                                                                   
                                                                                

13 rows selected.

SQL> REM Hay 13 filas en lugar de las 14 que hay en la sesion 1 debido a que no se ha realizado el commit;
SQL> INSERT INTO PROFESOR
  2  VALUES(5050,'CARINA',8,'CEU');
INSERT INTO PROFESOR
*
ERROR at line 1:
ORA-00001: unique constraint (ALU0100904932.SYS_C0022567) violated 


SQL> 
SQL> 
SQL> REM Error de unicidad ya que al hacer commit en la sesion 1 detecta que ya esa fila esta insertada;
SQL> SPOOL
currently spooling to PRACT7_2.lst
SQL> SELECT *
  2  FROM PROFESOR;

       DNI P                                                                    
---------- ------------------------------------------------------------         
       CAR CAT                                                                  
---------- -----                                                                
      1111 JUAN                                                                 
         6 CU                                                                   
                                                                                
      2222 CARLOS                                                               
         7 TU                                                                   
                                                                                
      3333 PEDRO                                                                
         4 TEU                                                                  
                                                                                

       DNI P                                                                    
---------- ------------------------------------------------------------         
       CAR CAT                                                                  
---------- -----                                                                
      4444 MARIA                                                                
         7 TU                                                                   
                                                                                
      5555 IVAN                                                                 
         1 CEU                                                                  
                                                                                
      6666 CARMEN                                                               
         3 CD                                                                   
                                                                                

       DNI P                                                                    
---------- ------------------------------------------------------------         
       CAR CAT                                                                  
---------- -----                                                                
      7777 MARIO                                                                
         2 TU                                                                   
                                                                                
      8888 FRANCISCO                                                            
         5 TU                                                                   
                                                                                
      9999 ANGELA                                                               
         8 TEU                                                                  
                                                                                

       DNI P                                                                    
---------- ------------------------------------------------------------         
       CAR CAT                                                                  
---------- -----                                                                
      1010 DAVID                                                                
         4 TU                                                                   
                                                                                
      2020 SOLEDAD                                                              
         7 CU                                                                   
                                                                                
      3030 JOSE MANUEL                                                          
         6 TEU                                                                  
                                                                                

       DNI P                                                                    
---------- ------------------------------------------------------------         
       CAR CAT                                                                  
---------- -----                                                                
      4040 CARMELO                                                              
         7 TU                                                                   
                                                                                
      5050 CARINA                                                               
         8 CEU                                                                  
                                                                                

14 rows selected.

SQL> REM Ahora si se muestran las 14 filas totales ya que se ha realizado el commit desde la sesion 1;
SQL> SPOOL OFF
